1,models/align-20/luke/16.png
1,models/align-20/luke/1.png
1,models/align-20/luke/9.png
1,models/align-20/luke/0.png
1,models/align-20/luke/18.png
1,models/align-20/luke/4.png
1,models/align-20/luke/2.png
1,models/align-20/luke/12.png
1,models/align-20/luke/6.png
1,models/align-20/luke/5.png
1,models/align-20/luke/15.png
1,models/align-20/luke/14.png
1,models/align-20/luke/10.png
1,models/align-20/luke/7.png
1,models/align-20/luke/3.png
1,models/align-20/luke/8.png
1,models/align-20/luke/19.png
1,models/align-20/luke/11.png
1,models/align-20/luke/17.png
1,models/align-20/luke/13.png
2,models/align-20/other/0.png
2,models/align-20/other/17.png
2,models/align-20/other/4.png
2,models/align-20/other/8.png
2,models/align-20/other/19.png
2,models/align-20/other/14.png
2,models/align-20/other/18.png
2,models/align-20/other/9.png
2,models/align-20/other/10.png
2,models/align-20/other/16.png
2,models/align-20/other/3.png
2,models/align-20/other/6.png
2,models/align-20/other/11.png
2,models/align-20/other/12.png
2,models/align-20/other/15.png
2,models/align-20/other/13.png
2,models/align-20/other/5.png
2,models/align-20/other/1.png
2,models/align-20/other/7.png
2,models/align-20/other/2.png
